{
    "Author": "Aki, k-kz, ele-starshade, damolitionn, Taurenkey, Augporto, grimgal, Genesis-Nova, Tartarga",
    "Name": "XIVSlothCombo_modified",
    "InternalName": "XIVSlothCombo_modified",
    "DalamudApiLevel": 8,
    "Punchline": "Condenses combos and mutually exclusive abilities onto a single button - and then some.",
    "Description": "Condenses combos and mutually exclusive abilities onto a single button - and then some.",
    "RepoUrl": "https://github.com/aadrshkr/SLOTHCOMBO", 
    "IconUrl": "https://i.imgur.com/iEcxM81.png",
    "ImageUrls": [ "https://i.imgur.com/iEcxM81.png" ],
    "Changelog": "Features, Fixes & Enhancements NIN, RPR, SAM and SCH. Please check the project's GitHub or Discord for a full changelog."
}
